<?xml version="1.0" encoding="UTF-8"?>
<project-private xmlns="http://www.netbeans.org/ns/project-private/1">
    <editor-bookmarks xmlns="http://www.netbeans.org/ns/editor-bookmarks/2" lastBookmarkId="0"/>
    <open-files xmlns="http://www.netbeans.org/ns/projectui-open-files/2">
        <group>
            <file>file:/C:/Projects/SoftEng/TrConCode/TrackCont/src/trackcont/TrackCont_TrackBlock.java</file>
            <file>file:/C:/Projects/SoftEng/TrConCode/TrackCont/src/trackcont/TrackCont_Wrap.java</file>
            <file>file:/C:/Projects/SoftEng/TrConCode/TrackCont/src/trackcont/TrackCont_GUI.java</file>
            <file>file:/C:/Projects/SoftEng/TrConCode/TrackCont/src/trackcont/TrackCont_blockPanel.java</file>
            <file>file:/C:/Projects/SoftEng/TrConCode/TrackCont/src/trackcont/TrackCont_TrackReader.java</file>
            <file>file:/C:/Projects/SoftEng/TrConCode/TrackCont/src/trackcont/TrackCont.java</file>
        </group>
    </open-files>
</project-private>
